{"d":[9,3,3],"w":[[],[[-0.0017855167,-0.62318134,-11.210701,0.9782272],[-0.35629153,11.274523,-11.288402,9.0140915],[0.16727853,15.458503,5.5229707,15.798702],[-0.09346652,-27.462103,2.826153,-25.073772],[-0.22434378,-37.38034,-2.4444802,-30.581411],[-0.3471148,-2.739841,-5.977992,-6.392178],[-0.75010157,39.841743,-4.394958,38.30387],[-0.014829636,25.811188,-3.5872898,22.348442],[-0.81042576,-13.6312475,-20.83855,-9.551133],[0.9923134,-12.762648,8.489572,-12.849786]],[[0.39710665,-0.21093158,-1.2861272,0.15839343],[-0.57575774,0.48325333,-1.4723359,0.8912099],[0.95494485,0.07530933,0.2866287,-0.21931666],[-0.047047853,-0.78560096,1.7617455,-0.73114526]]],"x":[[1.0,0.18431373,0.09019608,0.2,-0.22352941,-0.33333334,-0.23137255,-0.29411766,-0.42745098,-0.34901962],[1.0,0.09662004,-0.93187624,0.81721616],[1.0,-0.7046235,-0.2503254,-0.14754081]],"delta":[[-0.0,6.577073,6.9705753,-13.62818,-22.502266,1.0568024,19.621964,13.483243,-4.415313,-5.4569864],[0.0,1.2862978,-0.00011449752,-0.8106401],[0.0,0.24404167,-0.6197483,0.29986772]]}